verdict,tier,pet,source,id,date,firm,firm_location,retailers,brands,est,text
,maker_linked,False,FDA,97473,2025-09-03,"Beaver Street Fisheries, Inc.","Jacksonville, FL",Walmart,Great Value,,"Great Value branded and Sea  Best branded raw frozen shrimp in bulk packaging, master cartons. Master carton case is 20 lbs (10 x 2lbs retail bags), and 18 lbs (12 x 1.5lbs retail bags) and (10x1lb retail bags), Product of Indonesia, Keep Frozen, Distributed by Beaver Street Fisheries, Inc 1741 West Beaver Street Jacksonville, FL 32209, UPC 78742133898 and UPC 7539101240, UPC 7539101339"
,maker_linked,False,FDA,97458,2025-09-10,"Dollins Pecan Co, Inc","Comanche, TX",H-E-B,HEB,,"Product Name: Blueberry Pretzels "" Brand Name: HEB "" Description: 8oz HEB Blueberry Flavored Yogurt Pretzels "" UPC Codes: 9787011400 "" Lot Numbers: 080226, 080326 "" Best By / Use By Dates: 080226 & 080326 "" Package Size: 8oz "" Establishment Number: 008046575"
,maker_linked,False,FDA,97493,2025-09-24,Admiralty Island Fisheries Inc dba AquaStar (USA) Corp.,"Seattle, WA",Kroger,Kroger,,"Frozen AquaStar Breaded Shrimp, Butterfly, Clean-Tail, 16/20 count/lb. 3 lbs. package. Net wt. per case 36lbs. (12x3lbs. packages per case). UPC 731149601192. Packed For: AquaStar Seattle, WA. Farm Raised Product of Indonesia. | Frozen Mercado Kroger Cooked Shrimp - Medium - Peeled - Tail-Off - Shrimp Pieces. 2 lbs. package.  Net wt. per case 10lbs. (5x2lb packages per case). UPC 011110626196. | AquaStar Cocktail Shrimp, 4oz. shrimp/2oz. cocktail sauce. Each case consists of 6x6 oz packages, UPC 19434612191. Distributed by Aqua Star, Seattle, WA. Farm Raised Product of Indonesia. Master cases distributed to distributors in frozen condition.  AquaStar Cocktail Shrimp, 4oz. shrimp/2oz. cocktail sauce, net wt. 6oz.  UPC 19434612191. Distributed by Aqua Star, Seattle, WA.  Farm Raised Product of Indonesia. 6oz packages sold to consumers at Walmart as refrigerated product."
,maker_linked,False,FDA,97663,2025-10-15,Western United Fish Company Inc,"Kent, WA",Costco,Kirkland Signature,,"Kirkland Signature brand Ahi Tuna Wasabi Poke, Costco #17193, net wt. 1lb. Product is packaged in clear plastic clamshell container and sold to consumers."
,maker_linked,False,FDA,97563,2025-10-22,Pacific Coast Producers,"Lodi, CA",Wegmans,Wegmans,,"Halved Pears IN PEAR JUICE FROM CONCNETRATE; NET WT 15 OZ (425 g); Ingredients: Pears, Water, Pear Juice Concentrate; Distributed By: Wegmans Food Markets, Inc. Rochester, NY 14603 | Fruit Cocktail IN 100% JUICE WITH ADDED INGREDIENTS; NET WT 15 OZ (425 g); Ingredients: Diced Peaches, Diced Pears, Water, Grapes, Peach Pulp and Juice, Pineapple Sectors, Pear Juice Concentrate, Halved Cherries (colored red with Carmine), Ascorbic Acid (to protect color).; Distributed By: Wegmans Food Markets, Inc. Rochester, NY 14603 | Pears Halves in Pear Juice from Concentrate; NET WT 15 OZ (425 g); Ingredients: Pears, Water, Pear Juice Concentrate; Distributed By: Walmart Inc., Bentonville, AR 72716 | Pears SLICED in Organic Pear Juice from Concentrate; NET WT 15 OZ (425 g); Ingredients: Organic Pears, Water, Organic Pear Juice Concentrate; Distributed By: Wegmans Food Markets, Inc. Rochester, NY 14603"
,maker_linked,False,FDA,97572,2025-10-22,"ONE FROZEN, LLC","Rochester, NY",Target,Good and Gather,,"Good and Gather brand Southwest-Style Burrito Bowl Blend  Processed in a facility that also handles shellfish, egg, fish, milk, sesame, soy, tree nut and wheat ingredients"
,maker_linked,False,FDA,97723,2025-10-22,Eli's Cheesecake Company,"Chicago, IL",Wegmans,Wegmans,,"Wegmans Ultimate Plain Cheesecake Large Net Wt 3.13 lb (1.42kg), shrink wrapped in a collar, 8 cakes per wholesale case"
,maker_linked,False,FDA,97834,2025-11-05,"FreshRealm, Inc","Indianapolis, IN",Walmart,Marketside,,Marketside Cheesy Cauliflower Au Gratin 12 oz.; UPC: 10194346375445
,maker_linked,False,FDA,97667,2025-11-12,Admiralty Island Fisheries Inc dba AquaStar (USA) Corp.,"Seattle, WA",Albertsons;Kroger;Publix;WinCo,Kroger;Publix;Waterfront Bistro;WinCo,,"Kroger Mercado Cooked Medium Peeled Tail-Off Shrimp, net wt. 2lbs. UPC 011110626196. Product is packaged in clear plastic bag and has a white label with green stripes on top of each bag. | AquaStar 16/20 Frozen Raw EZ-Peel White Shrimp, net wt. 5 lbs. UPC 731149654075. Product was sold at WinCo. | Waterfront Bistro Frozen Raw EZ-Peel White Shrimp 21/25, net wt. 2lbs., UPC 021130123223. Product was sold at Shaw s and Star Market, Albertson's, Eagle, Carrs-Safeway, and Safeway. | AquaStar 13/15 Raw Shrimp Easy Peel Deveined, net wt. 2 lbs. UPC 731149654051. Product was sold at Publix. | Publix Large Shrimp Peeled & Deveined Tail On 31/40, net wt. 1.5 lbs. UPC 041415067455. Product was sold at Publix. | Publix Extra Large Shrimp Easy to Peel Deveined 21/25, net wt. 1.5 lbs. UPC 041415064454. Product was sold at Publix. | AquaStar Raw Peeled Tail-on Shrimp Skewers, net wt. 1.25lbs. UPC 731149390010. Product is packaged in a printed bag with a black top and blue bottom and printed pictures of the skewers inside. | Kroger Raw Colossal EZ Peel Shrimp, net wt. 2lbs., UPC 20011110643906. Product is packaged in transparent printed bag with a blue band on the top with yellow and red details. | Best Yet Frozen Raw EZ-Peel White Shrimp 16/20  (net wt. 1 lbs/pkg; 10 pkgs per case). UPC 04218700282  Best Yet Frozen Raw EZ-Peel White Shrimp 21/25  (net wt. 1 lbs/pkg; 10 pkgs per case). UPC 04218700286  Best Yet Frozen Raw EZ-Peel White Shrimp 26/30   (net wt. 1 lbs/pkg; 10 pkgs per case). UP"
,maker_linked,False,FDA,97813,2025-11-12,"Teasdale Foods, Inc.","Louisville, KY",Aldi,Casa Mamita,,"Casa Mamita Soft Taco Dinner Kit, Net Wt 13.4 OZ (379g), UPC: 4099100318715, DIST. & SOLD EXCLUSIVELY BY: ALDI BATAVIA, IL 60510  Product consists of 10 flour tortillas, 1 sauce packet, and 1 seasoning packet within a carton; 6 cartons are packed into a mixed case with 6 additional hard taco dinner kits | Giant/Martin's Crunchy Taco Dinner Kit, Net Wt 9.4 OZ (266g), UPC: 068826757516, DISTRIBUTED BY: ADUSA DISTRIBUTION, LLC SALISBURY, NC 28147  Product consists of 12 taco shells, 1 sauce packet, and 1 seasoning packet within a carton; packed 12 cartons per case"
,maker_linked,False,FDA,97907,2025-11-12,EGGS UNLIMITED LLC,"Irvine, CA",Kroger;Walmart,Marketside;Simple Truth,,Big Y Brown Jumbo A 12ct Eggs; UPC: 018894319146 Simple Truth Cage Free Brown Large AA 12ct; UPC: 011110797698 Stater Bros Cage Free Large AA 18ct; 074175001650 That's Smart Cage Free Large AA 60ct; 193476006192 Lindsey s Gold Free Range Brown Large A 12ct; 860011334408 Marketside Cage Free Brown Large A 12ct; 681131122764
,maker_linked,False,FDA,97885,2025-12-03,"MeriCal, LLC","Anaheim, CA",Sam's Club,Member's Mark,,Member's Mark Super Greens Dietary Supplement; 48 servings; Net Weight 18.28 oz (518.4g) UPC: 193968490775
,maker_linked,False,FDA,97827,2025-12-10,Great Lakes Cheese Co Inc,"Hiram, OH",Ahold Delhaize;Aldi;H-E-B;Publix;Sprouts;Target;Walmart,Food Lion;Good & Gather;Great Value;H-E-B;Happy Farms;Hill Country Fare;Publix;Sprouts Farmers Market,,"Happy Farms by Aldi Italian Style shredded cheese blend (containing low-moisture part-skim mozzarella, not-smoked provolone, romano, asiago & parmesan finely shredded cheeses), 12 oz., individually packaged in a plastic bag, UPC 4061463330949, 6/combo case also containing 6 bags of Taco Style product | Low-moisture part-skim mozzarella shredded cheese, individually packaged in a plastic bag, as:  1) Always Save - Shredded, 5 lb., UPC 7003865782, 4/case  2) Borden - Shredded, 8 oz., UPC 5300007162, 6 or 12/case - Thick Cut, 8 oz., UPC 5300007170, 6/case  3) Brookshire's - Finely Shredded, 8 oz., UPC 9282510119, 12/case - Shredded, 8 oz., UPC 9282510120, 12/case  - Shredded, 32 oz., UPC 9282510130, 6/case - Thick Cut, 8 oz., UPC 9282592197, 12/case  4) Cache Valley Creamery - Shredded, 8 oz., UPC 7495802553, 6 or 12/case  5) Chestnut Hill - Fancy Shredded, 8 oz., UPC 3225116742, 6/case  6) Coburn Farms - Shredded, 8 oz., UPC 5193331657, 12/case - Shredded, 12 oz., UPC 5193321820, 18/case - Shredded, 32 oz., UPC 5193334257, 6/case  7) Econo - Shredded, 8 oz., UPC 893800294, 12/case  8) Food Club - Finely Shredded, 8 oz., UPC 3680045573, 12/case - Shredded, 8 oz., UPC 3680005117, 12/case - Shredded, 16 oz., UPC 3680005144, 12/case  - Shredded, 32 oz., tube-style bag, UPC 3680012914, 6/case, case UPC 3680041215 - Shredded, 32 oz., square-style bag, UPC 3680038305, 6/case  9) Food Lion - Shredded, 8 oz., UPC 3582609008, 12/case  10) Gold Rush Creamery - Shredded, 8 oz., UPC 1401401"
,maker_linked,False,FDA,97955,2025-12-10,VENTURA FOODS LLC,"Irvine, CA",Publix,Publix,,"Publix Deli Carolina-Style Mustard BBQ Sauce; 96- 2OZ NET WT: 12 LB SKU: 10 026700 16964 6 | Italian Salad Dressing; Net 1 GAL (3.78L)  SKU: 7 67367 00518 4 Creamy Poblano Avocado Ranch Dressing and Dip; Net Contents 1 GAL93.78L) SKU: 7 34730 53243 1 Ventura Caesar Dressing; Net WT 2000LB (907.1kg) SKU: 00 026700 17360 8 Pepper Mill Regal Caesar Dressing; 1 GAL (128 FL OZ) 3.79 L SKU: 0 93901 72607 0 Pepper Mill Creamy Caesar Dressing; 1 GAL (128 FL OZ) 3.79 L SKU: 0 93901 78134 5 Ceasar Dressing (Costco Service Deli) NET WT: 23.62 LB (10.71 kg) SKU: 0 26700 19376 7 Ceasar Dressing (Costco Food Court) NET WT: 32 LB (14.51 kg) SKU: 0 26700 19376 7 Hidden Valley, Buttermilk Ranch; NET 1 GAL (3.79L) SKU: 0 26700 19192 3"
,maker_linked,False,FDA,97908,2025-12-17,Moonlight Packing Corporation,"Reedley, CA",Kroger,Kroger,,"Sticker label (for Loose Bulk - peppermint peaches): 4401 | UPC 8 98429 00266 4 Peppermint Peach PROUCE OF U.S.A. 4 COUNT MIN. WT. 2.25 LBS MOONLIGHT PACKING CORPORATION REEDLEY, CA 93654 | UPC 8 10248 03087 1 Peppermint Peach WHITE PEACHES READY TO EAT FROM CALIFORNIA PRODUCE OF U.S.A. NET WT. 4 LBS. MOONLIGHT PACKING CORP. REEDLEY, CALIFORNIA 93654  UPC 8 10248 03163 2 Peppermint Peaches WHITE PEACHES READY TO EAT FROM CALIFORNIA PRODUCE OF U.S.A. NET WT. 4 LBS. MOONLIGHT PACKING CORP. REEDLEY, CALIFORNIA 93654 | UPC 8 98429 00209 1 PEACHES PRODUCE OF U.S.A. NET WT 2 LB (32 OZ) 907 g DISTRIBUTED BY MOONLIGHT PACKING CORP. REEDLEY, CALIFORNIA 93654  UPC 0 11110 18174 9 PEACHES PRODUCE OF USA NET WT 32 OZ (2 LB) 907g DISTRIBUTED BY THE KROGER CO. CINCINNATI, OHIO 45202 | UPC 8 10248 03186 1 WHITE PEACHES CALIFORNIA FRUIT PRODUCE OF U.S.A. NET WT. 2 LBS. (907G) MOONLIGHT PACKING CORP. REEDLEY, CALIFORNIA 93654 | Sticker label (for Loose Bulk - white peaches): 4401 | UPC 8 10248 03165 6 YELLOW Peaches PRODUCE OF U.S.A. NET WT. 4 LBS. MOONLIGHT PACKING CORP. REEDLEY, CALIFORNIA 93654  UPC 8 98429 00220 6 YELLOW Peaches from California PRODUCE OF U.S.A. NET WT. 4 LBS. MOONLIGHT PACKING CORP. REEDLEY, CALIFORNIA 93654 | Sticker label (for Loose Bulk - yellow peaches): 4044 | Sticker label (for Loose Bulk - peppermint peaches): 4401 | UPC 8 10248 03186 1 Peppermint Peach PRODUCE OF U.S.A. NET WT. 2 LBS. (907G) MOONLIGHT PACKING CORPORATION REEDLEY, CA 93654 | Sticker label (for Loo"
,maker_linked,False,FDA,98083,2025-12-31,Mellace Family Brands California Inc,"Warren, OH",Wegmans,Wegmans,,"1) Wegmans Deluxe Mixed Nuts, Unsalted, Net Wt. 34 oz. (964g), packaged in a plastic tub with UPC 077890421314, packed 6 tubs per case  2) Wegmans Deluxe Mixed Nuts, Unsalted, Net Wt. 11.5 oz. (326g), packaged in a plastic bag with UPC 077890421352, packed 12 bags per case"
,maker_linked,False,FDA,98148,2025-12-31,The James Skinner LLC,"Omaha, NE",Publix,Publix,,"Publix Raspberry Coffee Cake, Net Wt. 15 oz. (425g), packaged in an aluminum foil tray and clear plastic clamshell lid with wraparound label, UPC 0-41415-54691-2, Distributed By Publix Supermarkets, Inc. Lakeland, FL 33802, packed 12 per case  Case label reads, in part: Maple Walnut Coffee Cake, 12 units/14 oz. each, Net Wt. 10.5 LB (4.6 kg), UPC 100 41415 54591 2"
,maker_linked,False,FDA,98174,2026-01-14,Rovira Biscuit Corporation,"Ponce, PR",Walmart,Great Value,,"Vanilla Econo, Galletas de Vainilla, 8 paquets per Net Wt. 9.6 oz box (272 g), 6 box per case. UPC 072981005022 | Tempting Crackers Tray, Rovira, 3 foil wrap trays per Net Wt. 8oz box (Net Wt 5 oz trays), 6 box per case. UPC 072981003127  Tempting Crackers, Rovira, 12 packets (Net Wt. 1.0 oz (30 g) bag) per box, 12/ 1.0 oz packets box, 6/ 12-1oz box per case. UPC 072981003127 | Vanilla Treats Crackers, Rovira, Net Wt. 31 oz (878.83 g) cans, 6/31oz cans per case.  Mini Vanilla Treats, Rovira, 12 to go packs (0.8oz (22.7g) each), Net Wt 9.6 oz (272g), 6/9.6oz boxes per case. UPC072981005374 | Snack Crackers 100to en boca (ciento en boca) Rovira, Net Wt. 1.5 oz, 12 pack Snack Crackers to go, 12 packets (Net Wt 1.5 oz bag) per box, 12/ 1.5 oz packets box, 6 box per case. UPC 072981023064  100to en boca (ciento en boca), Rovira, Net Wt. 7 oz, 7 pack Snack Crackers to go, 7 packets (Net Wt 1 oz bag) per box, 18/7oz box per case. UPC 072981003035  100to en boca (ciento en boca) Rovira, tray, Net Wt. 18 oz, 6 packets (Net Wt 1.5 oz tray) per box per case. UPC 072981003073 | Vainilla Crackers, Great Value (Galletas Vainilla)8 Foil Packets (17 g each), Net Wt.9.6 oz (272 g) box, 6 boxes per case. UPC 072981005022 | Tita Crackers Rovira, 3 (1/2 oz (15g) Foil Fresh Packets Net Wt.8 oz (226.8 g) boxes, 6/8oz boxes per case. UPC 072981005121  Tita Crackers Rovira, Net Wt. 24 oz (680 g) boxes, 6/24 oz boxes per case. UPC 072981005343  Tita Crackers Rovira, Net Wt 24 oz (680 g) cans, 6/24 oz"
,maker_linked,False,FDA,98182,2026-01-14,DIRECT SOURCE SEAFOOD LLC,"Bellevue, WA",Albertsons,Waterfront Bistro,,"waterfront BISTRO brand Frozen Raw Shrimp EZ PEEL SHELL & TAIL ON Colossal 8-12 Count per Lb. Net wt. 32oz (2LB). Product is packaged in white flexible plastic pouch with multicolored labeling. UPC is 0 21130 13224 9.   Product of Indonesia. DISTRIBUTED BY LUCERNE FOODS, INC. P.O. BOX 99 PLEASANTON, CA 94566. | MARKET 32 by Price Chopper brand, frozen RAW SHRIMP easy peel shell on 26/30 count per pound. Net 16oz. Product is packaged in a clear flexible plastic package with brown label and blue and green printing. UPC is 0 41735 01358 3.    Product of Indonesia. PROUDLY DISTRIBUTED BY PRICE CHOPPER, INC. SCHENECTADY, NY 12306."
,maker_linked,False,FDA,98190,2026-01-21,ASK Foods Inc,"Palmyra, PA",Publix,Publix,,"Publix Rice & Pigeon Peas, Net Wt 32 oz (2lb), Plastic tray with clear lid, black film, and a pre-printed label. 6 (2lb) containers per case ."
,maker_linked,False,FDA,98121,2026-01-28,Bakkavor,"Charlotte, NC",H-E-B,Meal Simple,,"MEAL SIMPLE RED LENTIL DAL SOUP NET WT. 16 OZ (1 LB) 454g UPC 1 97870 07333 0 MADE WITH PRIDE AND CARE FOR H-E-B-, SAN ANTONIO, TEXAS 78204"
,maker_linked,False,FDA,98173,2026-02-04,"Plant Based Innovations, LLC","Leominster, MA",H-E-B,H-E-B,,"HIGHER HARVEST by H-E-B brand; Dairy Free Coconut Based YOGURT; STRAWBERRY; YOGURT ALTERNATIVE; NET WT 5.3 OZ; INGREDIENTS: COCONUT MILK (WATER, COCONUT CREAM, MODIFIED TAPIOCA STARCH), STRAWBERRIES, CANE SUGAR, WATER, STARCH, NATURAL FLAVOR, FRUITS AND VEGETABLE JUICE (FOR COLOR) LOCUST BEAN GUM, LEMON JUICE CONCENTRATE, LIVE AND ACTIVE CULTURES, VITAMIN B12; CONTAINS: COCONUT"
,maker_linked,False,FDA,98259,2026-02-04,"Mount Olive Pickle Company, Inc.","Mount Olive, NC",Ahold Delhaize,Hannaford,,"Hannaford hamburger dill pickle chips 16 FL OZ (1 PT) 473mL glass jar. UPC 0 41268 14889 9 DISTRIBUTED BY: HANNAFORD BROS. CO. SCARBOROUGH, ME 04074"
,maker_linked,False,FDA,98479,2026-03-25,"SAPUTO CHEESE USA, INC","Milwaukee, WI",Walmart,Great Value,,"Great Value Fat Free Cottage Cheese Small Curd 0% Milkfat NET WT 24OZ UPC 0 78742 37339  3  DISTRIBUTED BY: Walmart Inc., Bentonville, AR 72716 | Great Value Lowfat Cottage Cheese Small Curd 2% Milkfat NET WT 24OZ UPC 0 78742 11673  0 DISTRIBUTED BY: Walmart Inc., Bentonville, AR 72716 | Great Value Cottage Cheese Small Curd 4% Milkfat NET WT 16oZ UPC 0 78742 37235 8; 24oz UPC 0 78742 37236 5 & 3lb UPC 0 78742 14797 0 DISTRIBUTED BY: Walmart Inc., Bentonville, AR 72716 | CLOVER SONOMA COTTAGE CHEESE LOW FAT 2% MILKFAT NET WT 16OZ UPC 0 70852 54400 7  & 32OZ UPC 0 70852 54200 3 DISTRIBUTED BY: CLOVER-STORNETTA FARMS LLC PETALUMA, CA 94952 | CLOVER SONOMA SOUR CREAM NET WT 8OZ UPC 0 70852 61800 5  & 16OZ UPC 0 70852 61500 4 DISTRIBUTED BY: CLOVER-STORNETTA FARMS LLC PETALUMA, CA 94952"
,maker_linked,False,FDA,98379,2026-03-25,Dr. Praeger's Sensible Foods Inc.,"Elmwood Park, NJ",Aldi,Simply Nature,,"Simply Nature, Spinach Bites, 12 oz retail unit, Plastic wrapped bites inside of a retail box. Keep Frozen."
,maker_linked,False,FDA,98535,2026-04-01,Ajinomoto Foods North America Inc.,"Ontario, CA",Kroger;Trader Joe's,Kroger;Trader Joe's,,"Item 6430093 Ajinomoto Green Gyoza Vegetable & Edamame Dumplings 12ct. Retail bag UPC: None.  Product packaging is flexible bags in a master case or flexible bags in cartons in a master case. There are 20/12ct. bags per case. Case UPC 10071757080246.  All products are intended to be stored frozen and fully cooked to 165F before eating. | Item 81097 Ajinomoto Ling Ling Restaurant Style Fried Rice Savory Vegetable - A Chinese Style Fried Rice with Edamame, Carrots, Fire Roasted Corn & Red Bell Peppers Prepared with Sweet Soy Sauce Infused Rice. Net wt. 17oz. Retail box UPC 010878810915.  Product packaging is flexible bags in a master case or flexible bags in cartons in a master case. There are 6/17oz. boxes per case. Case UPC 10010878810912.  All products are intended to be stored frozen and fully cooked to 165F before eating. | Item 6430143 Ajinomoto Vegetable Gyoza Dumplings 12ct. Net wt. 8.92oz. per package. Retail package UPC: 071757055483.  Product packaging is flexible bags in a master case or flexible bags in cartons in a master case. There are 20/8.92oz. packages or 11.15 lbs. per case. Carton UPC 10071757055480.   All products are intended to be stored frozen and fully cooked to 165F before eating. | Item 81146 Ajinomoto Tai Pei Shrimp Fried Rice - Shrimp, vegetables & fried rice with oyster flavored sauce. Net wt. 48oz or 3lbs. per box.  Retail box UPC 070077811465.  Product packaging is flexible bags in a master case or flexible bags in cartons in a master case. Ther"
,maker_linked,False,FDA,98311,2026-04-01,Bakkavor,"Charlotte, NC",Meijer;Trader Joe's,Frederik's by Meijer;Meijer;Trader Joe's,,"Roasted Tomato Parmesan Focaccia Bread sold under the brand names of FREDERIK'S by meijer SLOW-ROASTED TOMATO & SHREDDED PARMESAN CHEESE NET WT 13.75 OZ (390g) UPC 7 13733 88387 0 DIST. BY MEIJER DISTRIBUTION, INC. GRAND RAPIDS, MI 49544;   fresh & simple Roasted Tomato & Parmesan Focaccia NET WT. 13.75 oz (390g) UPC 8 50061 35318 4 Distributed By: Bakkavor Foods USA Inc., Charlotte, NC 28273;   HT Traders Roasted Tomato & Parmesan FOCACCIA NET WT. 13.75 oz (390g) UPC 0 72036 95631 6 PROUDLY DISTRIBUTED BY: HARRIS TEETER, LLC MATTHEWS, NC 28105  TRADER JOE'S FOCACCIA BREAD Roasted Tomato & Parmesan NET WT. 14 OZ (397g) UPC 0064 4358 DIST. & SOLD EXCLUSIVELY BY: TRADER JOE'S, MONROVIA, CA 91016 | Basil Pesto & Mozzarella Pizza NET WT. 13.90OZ (394g) UPC 8 57919 00785 5 Distributed by: Grocery Delivery E-Services New York, NY 10005"
,maker_linked,False,FDA,98771,2026-05-06,"LACTALIS CANADA, INC","Toronto, Quebec",Aldi,Specially Selected,,"Specially SELECTED brand Vanilla Creme Brulee; NET WT 3.6oz (103g); INGREDIENTS: CREAM (MILK, CREAM), FROZEN YOLK MIX (EGG YOLK, SUGAR) SUGAR, NATURAL VANILLA FLAVOR, TAPIOCA STARCH, CARRAGEENAN; TOPPING INGREDIENTS: CARAMEL FLAKES (SUGAR, GLUCOSE SYRUP); CONTAINS: MILK, EGGS. MAY CONTAIN: WHEAT, SOY; DIST.SOLD EXCLUSIVELY BY: ALDI BATAVIA, IL; packaged in glass jars"
,maker_linked,False,FDA,98784,2026-05-13,"Post Consumer Brands, LLC","Lakeville, MN",Publix,Publix,,"Publix Bran Flakes, Wheat Cereal.  Net Wt 18oz (1 lb 2 oz) 510g.  UPC 0 41415-24305 7.   Distributed by Publix Super Markets, Inc. Lakeland, FL 33802."
,maker_linked,False,FDA,98811,2026-05-20,"Ferris Coffee and Nut Company, Inc.","Grand Rapids, MI",Meijer,Frederik's by Meijer;Meijer,,"Frederik's by meijer Vanilla Bourbon Trail Mix, packed in plastic retail-sized black bag NET WT 9 OZ (255g). On the back of the bag is both lot number and a stamped expiration date. UPC 719283 357212; 12-9oz retail units per case."
,maker_linked,False,FDA,98839,2026-05-20,Sugar Foods LLC,"Villa Rica, GA",Kroger,Kroger,,"Kroger HOMESTYLE Cheese AND Garlic CROUTONS NET WT 5 OZ (141g) UPC 0 11110 81353 4 DISTRIBUTED BY THE KROGER CO., CINCINNATI, OHIO 45202"
,maker_linked,False,FDA,98919,2026-05-27,JOHN B SANFILIPPO & SONS INC,"Elgin, IL",Target,Good & Gather,,"Good & Gather Mexican Street Corn Trail Mix 8 oz bag UPC 085239270240, 8 bags per case | Fisher Tex Mex Trail Mix 30 oz plastic jar UPC 070690275941, 6 jars per case | Squirrel Brand Town & Country Mix 16 oz can UPC 07223805251 and 7.5 oz can UPC 07223805450.  16 oz 12 cans per case.  7.5 oz 6 cans per case | Southern Style Nuts Gourmet Hunter Mix 23 oz plastic jar UPC 085839073319 and 36 oz plastic jar UPC 085839071483.  23 oz 6 jars per case case and 96 jars per display.  36 oz 6 jars per case | Southern Style Nuts Hunter Mix 30 oz plastic jar UPC 085839916302, 4 jars per case | Squirrel Brand Travelers Mix 16 oz can UPC 07223899166, 12 cans per case"
,maker_linked,False,FDA,98928,2026-06-03,Legacy Bakehouse LLC,"Waukesha, WI",Giant Eagle,Giant Eagle,,"Butter Parsley Bagel Crisps, Item Number 18490, Net Weight:  10 lbs.  Legacy Bakehouse, LLC, N8W22100 Johnson Dr., Waukesha, WI  53166. | giant eagle Baked Pita Chips with Parmesan, Garlic & Herb Bagel Crisps,  Net Wt 7.33 oz.   Shipping Case:  12 ct - 7.33 oz Bags Net Weight:  5.49 lbs. Legacy Bakehouse, LLC, Waukesha WI  53186. | Parmesan & Herb Bagel Crisps, Item Number 18139, Net Weight:  10 lbs.  Legacy Bakehouse, LLC, N8W22100 Johnson Dr., Waukesha, WI  53166."
,maker_linked,False,FDA,99038,2026-06-17,"Kettle Cuisine, LLC","Lynn, MA",Whole Foods,Whole Foods Market,,"Individual Unit Label (both lid and front of cup): Whole Foods Market Kitchens Minestrone Soup, VEGETARIAN NET WT 24 OZ (1 Lb 8OZ) 680g.  Case Label: Whole Foods Global Minestrone Soup 702505, KEEP REFRIGERATED, Distributed by Whole Foods Market Austin, TX 78703. Eight (8)/ 24 oz. Cups (Net Wt. 12 LBS)/case."
,maker_linked,False,FDA,99020,2026-06-24,United States Bakery,"Eugene, OR",Walmart,Great Value,,"Great Value Hawaiian Roll 4pk, Item # F63384. Product is perishable dinner roll ready to eat, sold in a corrugated case of 18 packages (4.5oz net wt.) individually wrapped in laminated film.   This product was never sold in stores and was never available for consumer purchase. All affected product remained at wholesale distribution centers and has been accounted for."
,maker_linked,False,FDA,99479,2026-08-19,MIDWEST POULTRY SERVC C/O H & LELECTRIC,"N Manchester, IN",Kroger,Kroger;Simple Truth,,"Grade A White In-shell Chicken eggs packaged in the following configurations:   1.  Kroger, Medium, 12 Eggs, Net Wt 21 oz (1lb 5oz) 596g, UPC 0 11110-60902 1.  Distributed by The Kroger Co., Cincinnati, OH  45202.   2.  Kroger, Medium, 30 Eggs, Net Wt 52.5 oz (3lb 4.5oz) 596g, UPC 0 11110-60980 9.  Distributed by The Kroger Co., Cincinnati, OH  45202.   3.  Kroger, Large 12 Eggs, Net Wt 24 oz (1lb 8oz) 681g, UPC 0 11110-60903 8.  Distributed by The Kroger Co., Cincinnati, OH  45202.   4.  Kroger, Large 18 Eggs, Net Wt 36 oz (2lb 4oz) 1.03kg, UPC 0 11110-60933 5.  Distributed by The Kroger Co., Cincinnati, OH  45202.   5.  Kroger, Large 60 Eggs, Net Wt 7lb 8oz (3.40kg), UPC 0 11110-60933 5.  Distributed by The Kroger Co., Cincinnati, OH  45202.    6.  Kroger, Extra Large 12 Eggs, Net Wt 27 oz (1lb 11oz) 766g, UPC 0 11110-60904 5.  Distributed by The Kroger Co., Cincinnati, OH  45202.   7.  Kroger, Jumbo 12 Eggs, Net Wt 30 oz (1lb 14oz) 851g, UPC 0 11110-60905 2.  Distributed by The Kroger Co., Cincinnati, OH  45202.    Packed by Tx Lic #613171, 800 Wabash Rd, N. Manchester, IN  46962.    8.  Brookshire's farm fresh, Large 6 Eggs, Net Wt 12 oz (341g), UPC 0 92825-09564 4.  Distributed by:  Brookshire Grocery Company, P.O. Box 1411, Tyler, TX  75710-1411.   9.  Brookshire's farm fresh, Large 12 Eggs, Net Wt 24 oz (1lb 8oz) 681g, UPC 0 92825-09555 2.  Distributed by:  Brookshire Grocery Company, P.O. Box 1411, Tyler, TX  75710-1411.   10.   Brookshire's farm fresh, Large 18 Eggs,"
,maker_linked,False,FDA,99453,2026-08-19,Taylor Farms de Mexico S. de R.L. de C.V.,Doctor Mora,Walmart,Marketside,,"MARKON LETTUCE SALAD MIX 4/5# MARKON LETTUCE SALAD WITH SEP BAG 4/5# Iceberg, Carrots, Red Cabbage products. | Jack in the Box 1/8"" SHRED LETTUCE   4/5# Iceberg only products. | Cross Valley Farms BLEND LETT/ROM 80/20 WITH SEP BAGGIES 4/5# Iceberg, Romaine, Carrots, Red Cabbage products. | SUBWAY SHRED LETTUCE 1/4"" 4/5# Iceberg only products. | TAYLOR FARMS BLEND LETT/ROM BLEND WITH BAG 4/5# Iceberg, Romaine, Carrots, Red Cabbage products. | MARKON BLEND LETT/ROM 50/50 NOCLR  4/5# MARKON BLEND LETT/ROM 80/20 4/5# Iceberg, Romaine products. | PEAK LETTUCE SHRED 1/8"" 4/5# Iceberg only products. | TAYLOR FARMS BLEND GARDEN SALAD MIX W/ROM 6/5# NATIONAL TAYLOR FARMS BLEND GARDEN SALAD MIX W/ROM 6/5# ND TAYLOR FARMS BLEND LETT/ROM 50/50 NOCLR  4/5# TAYLOR FARMS BLEND LETT/ROM 70/30 NOCOLR 4/5# TAYLOR FARMS BLEND LETT/ROM 80/20 4/5# TAYLOR FARMS LETTUCE SALAD MIX 4/5# Iceberg, Romaine products. | Cross Valley Farms LETTUCE SALAD MIX 4/5# Cross Valley Farms LETTUCE SALAD WITH SEP BAG 4/5# Iceberg, Carrots, Red Cabbage products. | MARKON LETTUCE CHOP 4/5# MARKON LETTUCE SHRED 1/4"" 4/5# MARKON LETTUCE SHRED 1/8"" 4/5# MARKON LETTUCE SHRED 3/8"" 4/5# Iceberg only products. | TAYLOR FARMS LETTUCE CHOP 1X1"" 4/4# TAYLOR FARMS LETTUCE CHOP 1X1"" 8/2# TAYLOR FARMS LETTUCE CHOP 4/5# TAYLOR FARMS LETTUCE SHRED 1/4"" 4/5# TAYLOR FARMS LETTUCE SHRED 1/8"" 4/5# TF LETTUCE CHOP .5X.5"" 4/5 LB Iceberg only products. | Cross Valley Farms BLEND LETT/ROM 50/50 NOCLR 4/5# Cross Valley Farms BLEND LETT/ROM 8"
,retailer_self,False,FDA,97435,2025-09-17,"Wegmans Food Markets, Inc.","Rochester, NY",Wegmans,Wegmans,,"Wegmans Grilling Camembert with Tapenade & Roasted Tomatoes - 10 OZ - Overwrapped black and gold metal tray  UPC: 2-77297-XXXXX-0   (X - varies by weighted price) | Wegmans Medium Camembert Soft Ripened Cheese - 8.8oz - Round wooded container; UPC: 2-77467-00000-7 , 0-77890-53515-8 | Wegmans Assorted Cheese Flight - Varies (sold by the lb) - Black Plastic container with clear lid  UPC: 2-77100-XXXXX-5   (X - varies by weighted price) | Wegmans Caramel Apple Pecan Topped Brie Cheese -Small - 13 OZ - Clear plastic container with lid  UPC: 2-77645-XXXXX-3   (X - varies by weighted price)"
,retailer_self,False,FDA,97644,2025-10-08,"WFM Purchasing, LP","Austin, TX",Whole Foods,Whole Foods Market,,"Whole Foods Market Blueberry Almond Granola, PLU 86032, packaged in a clear plastic container."
,retailer_self,False,FDA,97759,2025-10-29,"Wegmans Food Markets, Inc.","Rochester, NY",Wegmans,Wegmans,,"Wegmans Large Ultimate Blueberry Topped Cheesecake, Net Wt. 58 oz (3.63 lb) (1.64 kg) | Wegmans Large Ultimate Plain Cheesecake, Net Wt. 50 oz. (3.13lb) (1.42kg) | Wegmans Large Ultimate Cherry Topped Cheesecake, Net Wt. 58 oz. (3.63 lb) (1.64kg) | Wegmans Large Ultimate Strawberry Topped Cheesecake, Net Wt. 58 oz. (3.63 lb) (1.64 kg) | Large Ultimate Fresh Fruit Topped Cheesecake, Net Wt.  55 oz. (3.44 lb) (1.56kg) | Wegmans Brulee Cheesecake Large, Net Wt.  51 oz. (3.19 lb) (1.45kg)"
,retailer_self,False,FDA,97783,2025-10-29,Sprouts Farmers Market,"Phoenix, AZ",Sprouts,Sprouts Farmers Market,,"Sprouts Smoked Mozzarella Pasta Salad, RTE Pasta Salad, Refrigerated, 5 day shelf life, packaged into plastic containers at Deli counter and into 16oz plastic grab & go containers, weight dependent on customer request, UPC 2-15587-00000 (from service case) and 2-15786-00000 (from Grab & Go), Sprouts Farmers Market 5455 E High St., Suite 111 Phoenix, AZ 85054."
,retailer_self,False,FDA,97738,2025-10-29,The Kroger Co,"Cincinnati, OH",Kroger,Kroger,,"Basil Pesto Bowtie Pasta Salad, packaged in plastic containers with various weights, with UPC 217573-1XXXX (sold at deli service counters) or UPC 217573-2XXXX (sold as Grab-n-Go packages in deli departments), under the banners Kroger, Baker's, City Market, Dillons, Fred Meyer, Fry's, Gerbes, King Soopers, Payless, Ralphs and Smith's | Smoked Mozzarella Penne Salad, packaged in plastic containers with various weights, with UPC 227573-1XXXX (sold at deli service counters) or UPC 227573-2XXXX (sold as Grab-n-Go packages in deli departments), under the banners Kroger, Baker's, City Market, Dillons, Fred Meyer, Fry's, Gerbes, King Soopers, Payless, Ralphs and Smith's"
,retailer_self,False,FDA,97837,2025-11-26,"Publix Super Markets, Inc.","Lakeland, FL",Publix,Publix,,Publix Rich & Creamy Vanilla Ice Cream
,retailer_self,False,FDA,97965,2025-12-10,Costco Wholesale Corporation,"Issaquah, WA",Costco,Kirkland Signature,,"Costco Item# 11444 Kirkland Signature Chicken Sandwich with Caesar Salad, refrigerated, packaged in clear plastic clamshell container. The net weight varies as it is sold by weight.  This product contains 3oz. sealed packet of Caesar Dressing. | Costco Item# 19927 Kirkland Signature Caesar Salad, refrigerated, packaged in clear plastic clamshell container. The net weight varies as it is sold by weight. This product contains 3oz. sealed packet of Caesar Dressing."
,retailer_self,False,FDA,98044,2025-12-31,"Wegmans Food Markets, Inc.","Rochester, NY",Wegmans,Wegmans,,"Locatelli Pecorino Romano Cheese Grated (Wegmans #270010) Packaged and sold by the pound Packaged in cylindrical clear plastic tubs with lid UPC: 2-77580-XXXXX-7, where X is the unit price of the container"
,retailer_self,False,FDA,98204,2026-01-14,Meijer Inc,"Grand Rapids, MI",Meijer,Meijer,,"Meijer Steam Distilled Water, 128 FL OZ (1 GAL) 3.78L, packaged in a plastic jug with red plastic lid, UPC 041250841197, Dist. By Meijer Distribution, Inc. Grand Rapids, MI 49544, packed 4 per case"
,retailer_self,False,FDA,98331,2026-02-11,WinCo Foods LLC,"Boise, ID",WinCo,WinCo;WinCo Foods,,"WinCo Foods Deli Margherita Pizza Thin Crust, Item #67279. Net wt. 17oz. UPC 0267279 807987. Product is Take & Bake and sold refrigerated in a plastic flexible film as a single retail unit with a 5 day Sell-By date.  Distributed by WinCo Foods 650 N. Armstrong Pl. Boise, ID."
,retailer_self,False,FDA,98375,2026-02-18,Costco Wholesale Corporation,"Issaquah, WA",Costco,Kirkland Signature,,"Kirkland Signature Costco item #1181272 Mini Beignets filled with Caramel 22CT. UPC 000011 812722. Product is packaged in a clear clamshell container. ALLERGENS INFORMATION: CONTAINS WHEAT, EGG, MILK, SOY. Distributed by Costco Wholesale Corp. PO Box 34535 Seattle, WA."
,retailer_self,False,FDA,98734,2026-04-29,Costco Wholesale Corporation,"Issaquah, WA",Costco,Kirkland Signature,,"Kirkland Signature Traditional Madeleines 12 Count/net wt. 18oz., Item #2000012, UPC 000020000127. Plastic clamshell container is packed with 9 pieces of Filled Heart Madeleines.  Distributed by Costco Wholesale Corp. Seattle, WA.   Label of recalled package is read in part: TRADITIONAL MADELEINES***INGREDIENTS: WHEAT FLOUR **EGGS, BUTTER (CREAM) ***ALLERGEN INFORMATION: CONTAINS WHEAT, EGG, MILK*** PRODUCED ON EQUIPMENT THAT ALSO PROCESSES PEANUTS, TREE NUTS AND SESAME***."
,retailer_self,False,FDA,98860,2026-05-13,Target Corporation,"Minneapolis, MN",Target,Good & Gather,,"Good & Gather Fresh from Our Deli.  Sesame Teriyaki Chicken with Rice.  Net Wt 18.0 oz (1.125lb).  Keep Refrigerated.  DPCI # 878-02-0227.  UPC (01) 00250086000009 (3922) 00999.   Distributed by SuperTarget Mpls, MN  55403."
,retailer_self,False,FDA,99640,2026-08-26,"WFM Purchasing, LP","Austin, TX",Whole Foods,Whole Foods Market,,"Whole Foods Medium Pico de Gallo Guacamole Dip, Keep Refrigerated.  Packed in various sized clear plastic containers.   Product is weighed and a finished product label is applied.  Products contain the following PLU Cods located under label bar code:  29802800000.   Packed for Whole Foods Market, located at either 1745 W. Market Street, Akron, OH  44313 or 4301 W. William Cannon, Austin, TX  78749. | Whole Foods Spicy Guacamole Dip, Keep Refrigerated.  Packed in various sized clear plastic containers.   Product is weighed and a finished product label is applied.  Products contain the following PLU Cods located under label bar code:  21212000000, 21211900000, 25138200000.   Packed for Whole Foods Market, located at either 1745 W. Market Street, Akron, OH  44313 or 4301 W. William Cannon, Austin, TX  78749. | Whole Foods Pomegranate Guacamole Dip, Keep Refrigerated.  Packed in various sized clear plastic containers.   Product is weighed and a finished product label is applied.  Products contain the following PLU Cods located under label bar code:  27908100000, 27908500000.   Packed for Whole Foods Market, located at either 1745 W. Market Street, Akron, OH  44313 or 4301 W. William Cannon, Austin, TX  78749. | Whole Foods Mild Guacamole Dip No Tomatoes, Keep Refrigerated.  Packed in various sized clear plastic containers.   Product is weighed and a finished product label is applied.  Products contain the following PLU Cods located under label bar code:  24293900000, 25745000000,"
,sold_at_only,False,FDA,97632,2025-10-08,Lawrence Wholesale LLC,"Vernon, CA",,,,Shrimp Cocktail Bowl; 7oz clear plastic retail packaging. UPC: 011110622952  Shrimp Cocktail Bowl; 17oz clear plastic retail packaging.  UPC: 011110624840 | 16/25 Frozen Cooked Tail-On Farm Raised Shrimp; 12oz clear plastic retail bag. UPC: 011110649812  51/60 Frozen Cooked Tail-On Farm Raised Shrimp; 32oz clear plastic retail bag. UPC: 011110967015
,sold_at_only,False,FDA,99120,2026-07-01,"Champion Foods, LLC","New Boston, MI",,,,Motor City Pizza Co. 5 Cheese Bread Single retail pack; 22.43 oz. (1 lb. 6.4 oz.) 636g UPC 8 70375 00511 1; 6 retail units per case Motor City Pizza Co. 5 Cheese Bread Twin retail pack; 44.86 oz. (2 lb. 12.9 oz.) 1272g UPC 8 70375 00509 8; 10 retail units per case
